i,loss,similarity
0,2.9209182262420654,0.042500000447034836
10,2.8670308589935303,0.4729999899864197
20,2.809725522994995,0.45274996757507324
30,2.7291197776794434,0.4545000195503235
40,2.617518424987793,0.453499972820282
50,2.404662609100342,0.47099998593330383
60,2.1545653343200684,0.48099997639656067
70,1.9874379634857178,0.4962500333786011
80,1.8457539081573486,0.5897499918937683
